{
    "accuracy": 0.7937349397590362,
    "precision": 0.7808612440191387,
    "recall": 0.8039408866995074,
    "auc": 0.875135700343898
}